N;GRAU;PageRank;R-BEP;D-BRANCH
1;4;0.0408565;0;0
2;5;0.0508625;0;1
3;4;0.0417923;0;0
4;6;0.0583892;0;2
5;2;0.02532;0;0
6;3;0.0328404;0;0
7;4;0.042249;0;0
8;4;0.0421311;0;1
9;6;0.0600905;0;2
10;5;0.0493814;0;0
11;4;0.0416928;0;0
12;3;0.0329585;0;0
13;6;0.0599595;0;5
14;4;0.0413599;0;0
15;9;0.0868184;0;24
16;6;0.0617379;0;17
17;5;0.0533753;0;17
18;4;0.0417106;0;0
19;7;0.0680994;0;5
20;7;0.0683749;0;9
