N;GRAU;PageRank;R-BEP;D-BRANCH
1;3;0.037163;0;0
2;4;0.047748;0;5
3;4;0.0490128;0;10
4;4;0.0494556;0;10
5;4;0.0476301;0;1
6;1;0.0174738;0;0
7;5;0.0599667;0;13
8;2;0.0274953;0;0
9;3;0.0375361;0;0
10;3;0.0374198;0;0
11;5;0.0581678;0;4
12;5;0.0573627;0;7
13;6;0.0665611;0;2
14;3;0.036381;0;1
15;5;0.0564875;0;3
16;5;0.0561721;0;1
17;7;0.0821368;0;46
18;8;0.0901656;0;26
19;5;0.0574606;0;7
20;2;0.0282037;0;0
