N;GRAU;PageRank;R-BEP;D-BRANCH
1;5;0.0580839;0;2
2;3;0.0367;0;0
3;6;0.0672899;0;6
4;3;0.0367635;0;0
5;3;0.0365491;0;0
6;6;0.0671058;0;3
7;4;0.0476857;0;3
8;3;0.0375293;0;1
9;6;0.0715648;0;27
10;3;0.0375045;0;0
11;3;0.0378373;0;0
12;1;0.0175221;0;0
13;2;0.0271724;0;0
14;6;0.0672023;0;4
15;8;0.0943256;1;77
16;2;0.0276604;0;0
17;4;0.0473681;0;3
18;7;0.0785155;0;17
19;4;0.0475675;0;1
20;5;0.0580523;0;4
