N;GRAU;PageRank;R-BEP;D-BRANCH
1;3;0.0368433;0;0
2;4;0.0462656;0;0
3;7;0.0774661;0;4
4;4;0.0475878;0;3
5;4;0.0469708;0;0
6;6;0.0669302;0;1
7;5;0.0595435;0;4
8;3;0.0379714;0;0
9;4;0.0466747;0;0
10;5;0.0567955;0;0
11;6;0.0711256;0;35
12;9;0.10361;1;77
13;2;0.0274077;0;0
14;1;0.0172854;0;0
15;2;0.0278127;0;0
16;3;0.0379351;0;0
17;5;0.0602151;0;20
18;4;0.0478701;0;1
19;4;0.0465348;0;1
20;3;0.0371551;0;0
