N;GRAU;PageRank;R-BEP;D-BRANCH
1;7;0.0593935;0;1
2;3;0.0297091;0;0
3;5;0.0443962;0;0
4;8;0.0664673;0;6
5;8;0.0696958;0;25
6;6;0.0522597;0;9
7;7;0.0608199;0;2
8;7;0.0590764;0;4
9;5;0.0439238;0;0
10;9;0.0751311;0;8
11;6;0.0510985;0;1
12;7;0.0609447;0;9
13;3;0.0298817;0;0
14;4;0.0365656;0;0
15;8;0.0670904;0;7
16;3;0.0294188;0;0
17;5;0.0440322;0;0
18;4;0.0379948;0;0
19;6;0.0524094;0;1
20;3;0.0296909;0;0
