N;GRAU;PageRank;R-BEP;D-BRANCH
1;7;0.059607;0;3
2;3;0.0301334;0;1
3;9;0.0743625;0;6
4;3;0.0296688;0;0
5;7;0.0580113;0;0
6;3;0.0300216;0;0
7;5;0.0454495;0;0
8;5;0.0453916;0;18
9;6;0.054862;0;11
10;3;0.0307984;0;0
11;7;0.0592991;0;3
12;3;0.029303;0;0
13;7;0.0588392;0;2
14;5;0.044252;0;0
15;6;0.0531407;0;3
16;4;0.0390037;0;0
17;8;0.0682503;0;11
18;11;0.0883307;0;0
19;5;0.0429868;0;1
20;7;0.0582884;0;2
