N;GRAU;PageRank;R-BEP;D-BRANCH
1;5;0.0686438;0;6
2;5;0.0695146;0;3
3;5;0.0793694;1;100
4;5;0.0746387;0;8
5;1;0.0191182;0;0
6;6;0.0796184;0;22
7;4;0.0551619;0;2
8;3;0.0423187;0;0
9;5;0.0716288;0;15
10;2;0.0336814;0;0
11;1;0.0201886;0;0
12;2;0.0328103;0;0
13;2;0.0331697;0;0
14;2;0.0323614;0;0
15;3;0.0431857;0;2
16;4;0.0542438;0;0
17;3;0.0447688;0;5
18;1;0.0209928;0;0
19;6;0.0820106;0;42
20;3;0.0425744;0;0
