N;GRAU;PageRank;R-BEP;D-BRANCH
1;4;0.0590375;0;17
2;4;0.05492;0;1
3;2;0.0358815;0;0
4;4;0.0531782;0;2
5;5;0.0650553;0;12
6;5;0.0658756;0;3
7;4;0.0551046;0;2
8;3;0.0438683;0;0
9;4;0.0548943;0;0
10;2;0.0321476;0;0
11;1;0.0234837;0;0
12;4;0.0583427;0;1
13;5;0.0670097;0;3
14;1;0.0234837;0;0
15;3;0.0413664;0;1
16;4;0.0752174;1;100
17;4;0.0574976;0;4
18;4;0.0541491;0;6
19;4;0.0593707;0;20
20;1;0.0201163;0;0
