N;GRAU;PageRank;R-BEP;D-BRANCH
1;3;0.0546258;0;0
2;2;0.0393481;0;0
3;4;0.0677596;0;0
4;6;0.105403;1;100
5;1;0.0224321;0;0
6;2;0.0372754;0;0
7;4;0.0668297;0;0
8;4;0.0696769;0;16
9;4;0.0664188;0;0
10;1;0.0229753;0;0
11;1;0.0249492;0;0
12;4;0.0821139;1;100
13;1;0.0229753;0;0
14;5;0.0910309;1;100
15;1;0.0224321;0;0
16;1;0.0223063;0;0
17;3;0.0523881;0;0
18;3;0.0525236;0;0
19;1;0.0249492;0;0
20;3;0.051587;0;0
