N;GRAU;PageRank;R-BEP;D-BRANCH
1;4;0.0665815;0;0
2;3;0.0532469;0;5
3;2;0.0374519;0;0
4;2;0.0369775;0;0
5;2;0.0456477;0;0
6;1;0.0228206;0;0
7;2;0.0394901;0;0
8;2;0.0368953;0;0
9;4;0.0719176;0;20
10;4;0.072097;0;10
11;1;0.0230481;0;0
12;6;0.109751;1;100
13;4;0.0681311;0;34
14;2;0.0369904;0;0
15;3;0.0529398;0;3
16;1;0.0269003;0;0
17;1;0.0230481;0;0
18;2;0.0386871;0;0
19;3;0.0526497;0;5
20;5;0.0847282;0;16
