N;GRAU;PageRank;R-BEP;D-BRANCH
1;10;0.081857;0;6
2;8;0.0674758;0;10
3;4;0.0378751;0;4
4;4;0.0370244;0;0
5;5;0.0452231;0;0
6;4;0.0370286;0;1
7;7;0.0605133;0;4
8;8;0.0665707;0;1
9;7;0.0589778;0;0
10;5;0.0451603;0;2
11;4;0.0371401;0;0
12;5;0.0433162;0;0
13;4;0.0364435;0;0
14;8;0.0676525;0;4
15;6;0.0526187;0;3
16;7;0.0605542;0;14
17;4;0.0379548;0;0
18;5;0.0449132;0;1
19;4;0.0366597;0;0
20;5;0.045041;0;3
