N;GRAU;PageRank;R-BEP;D-BRANCH
1;4;0.0366122;0;4
2;4;0.0371491;0;0
3;9;0.0756509;0;6
4;4;0.0367156;0;0
5;5;0.044733;0;0
6;7;0.0604505;0;2
7;6;0.0521047;0;1
8;4;0.0375328;0;1
9;5;0.0451625;0;0
10;7;0.0596091;0;0
11;6;0.0522127;0;2
12;4;0.0377884;0;0
13;5;0.0443556;0;0
14;5;0.0446322;0;2
15;6;0.052838;0;5
16;7;0.0596649;0;2
17;6;0.051653;0;0
18;8;0.067152;0;6
19;5;0.0445351;0;0
20;7;0.0594477;0;2
