N;GRAU;PageRank;R-BEP;D-BRANCH
1;5;0.0493003;0;0
2;6;0.0587595;0;0
3;9;0.0878728;1;100
4;5;0.049367;0;0
5;4;0.0446726;0;0
6;7;0.0665286;0;0
7;4;0.0412443;0;0
8;7;0.0671897;0;0
9;4;0.0429135;0;0
10;3;0.0363208;0;0
11;2;0.0247074;0;0
12;4;0.0408478;0;0
13;4;0.0416514;0;0
14;4;0.0430445;0;0
15;4;0.0414657;0;0
16;9;0.0855336;0;0
17;6;0.0582203;0;0
18;4;0.0406745;0;0
19;2;0.0272838;0;0
20;5;0.0524018;0;0
