N;GRAU;PageRank;R-BEP;D-BRANCH
1;5;0.0505662;0;0
2;6;0.0581922;0;0
3;4;0.0410564;0;0
4;8;0.0764794;0;0
5;3;0.0349625;0;0
6;2;0.0257351;0;0
7;5;0.0532353;0;0
8;3;0.0334753;0;0
9;6;0.058879;0;0
10;5;0.0502362;0;0
11;4;0.0416355;0;0
12;3;0.033136;0;0
13;6;0.0593091;0;0
14;8;0.0783907;0;0
15;6;0.0591095;0;0
16;3;0.0338667;0;0
17;8;0.0770248;0;0
18;5;0.0505311;0;0
19;3;0.0328473;0;0
20;5;0.0513317;0;0
