N;GRAU;PageRank;R-BEP;D-BRANCH
1;8;0.0663012;0;1
2;7;0.0639616;0;9
3;1;0.0152668;0;0
4;8;0.0671308;0;13
5;7;0.06033;0;3
6;6;0.052783;0;4
7;6;0.0525205;0;5
8;6;0.05136;0;2
9;4;0.0364821;0;0
10;4;0.0376933;0;0
11;4;0.0374095;0;3
12;6;0.0516599;0;5
13;3;0.0294645;0;0
14;5;0.0437009;0;0
15;3;0.0288516;0;0
16;5;0.0445438;0;0
17;5;0.0446261;0;2
18;12;0.0974185;0;29
19;8;0.067139;0;8
20;6;0.0513569;0;1
