N;GRAU;PageRank;R-BEP;D-BRANCH
1;5;0.0684449;0;3
2;4;0.05742;0;2
3;3;0.0439227;0;0
4;2;0.0322321;0;0
5;5;0.0771258;0;50
6;2;0.0326475;0;0
7;6;0.0849938;0;44
8;2;0.0313225;0;0
9;8;0.109371;1;82
10;2;0.0313326;0;0
11;4;0.0564578;0;0
12;2;0.0312866;0;0
13;4;0.0572512;0;0
14;2;0.0311764;0;0
15;3;0.0442411;0;0
16;4;0.0574678;0;3
17;4;0.0565132;0;5
18;1;0.0206114;0;0
19;4;0.0566406;0;0
20;1;0.0195408;0;0
