N;GRAU;PageRank;R-BEP;D-BRANCH
1;3;0.0368433;0;0
2;4;0.0462656;0;0
3;7;0.0774661;0;3
4;4;0.0475878;0;0
5;4;0.0469708;0;0
6;6;0.0669302;0;0
7;5;0.0595435;1;12
8;3;0.0379714;0;0
9;4;0.0466747;0;0
10;5;0.0567955;0;1
11;6;0.0711256;0;30
12;9;0.10361;0;83
13;2;0.0274077;0;0
14;1;0.0172854;0;0
15;2;0.0278127;0;0
16;3;0.0379351;0;0
17;5;0.0602151;0;13
18;4;0.0478701;0;3
19;4;0.0465348;0;0
20;3;0.0371551;0;0
