N;GRAU;PageRank;R-BEP;D-BRANCH
1;4;0.0366122;0;8
2;4;0.0371491;0;0
3;9;0.0756509;0;2
4;4;0.0367156;0;0
5;5;0.044733;0;1
6;7;0.0604505;0;2
7;6;0.0521047;0;2
8;4;0.0375328;0;0
9;5;0.0451625;0;0
10;7;0.0596091;0;1
11;6;0.0522127;0;1
12;4;0.0377884;0;0
13;5;0.0443556;0;1
14;5;0.0446322;0;5
15;6;0.052838;0;4
16;7;0.0596649;0;5
17;6;0.051653;0;1
18;8;0.067152;0;4
19;5;0.0445351;0;0
20;7;0.0594477;0;4
