N;GRAU;PageRank;R-BEP;D-BRANCH
1;7;0.059607;0;2
2;3;0.0301334;0;0
3;9;0.0743625;0;2
4;3;0.0296688;0;0
5;7;0.0580113;0;0
6;3;0.0300216;0;1
7;5;0.0454495;0;2
8;5;0.0453916;0;4
9;6;0.054862;0;12
10;3;0.0307984;0;0
11;7;0.0592991;0;4
12;3;0.029303;0;1
13;7;0.0588392;0;1
14;5;0.044252;0;2
15;6;0.0531407;0;6
16;4;0.0390037;0;5
17;8;0.0682503;0;11
18;11;0.0883307;0;1
19;5;0.0429868;0;0
20;7;0.0582884;0;0
