N;GRAU;PageRank;R-BEP;D-BRANCH
1;5;0.0506286;0;0
2;9;0.0863853;0;3
3;4;0.0415285;0;0
4;4;0.0410705;0;0
5;3;0.032423;0;3
6;7;0.0689384;0;9
7;5;0.049695;0;0
8;6;0.0607698;0;9
9;4;0.04227;0;0
10;3;0.0331692;0;0
11;5;0.0509783;0;0
12;4;0.041236;0;0
13;5;0.0514983;0;0
14;3;0.0343204;0;0
15;6;0.0601988;0;3
16;7;0.0689665;0;17
17;3;0.0333822;0;0
18;6;0.0592373;0;0
19;3;0.0342043;0;0
20;6;0.0590994;0;6
