N;GRAU;PageRank;R-BEP;D-BRANCH
1;4;0.0541805;0;0
2;3;0.044613;0;3
3;4;0.0567098;0;9
4;7;0.0960165;0;2
5;5;0.0679631;0;4
6;4;0.0591337;0;0
7;2;0.0317251;0;0
8;2;0.0338959;0;0
9;2;0.0327063;0;0
10;3;0.0430185;0;0
11;2;0.0336538;0;0
12;3;0.0478678;0;0
13;5;0.0754903;0;59
14;1;0.0194178;0;0
15;1;0.0203334;0;0
16;6;0.0841257;1;100
17;4;0.059253;0;0
18;4;0.0543522;0;0
19;2;0.0309715;0;0
20;4;0.0545722;0;0
