N;GRAU;PageRank;R-BEP;D-BRANCH
1;6;0.0675472;0;1
2;3;0.0363979;0;0
3;4;0.046151;0;1
4;7;0.0790169;0;16
5;5;0.05705;0;5
6;5;0.0568029;0;1
7;3;0.0397661;0;0
8;3;0.0374329;0;3
9;4;0.0466414;0;1
10;4;0.0469614;0;0
11;2;0.0274982;0;0
12;3;0.0378082;0;0
13;3;0.0385257;0;0
14;6;0.0693958;0;32
15;2;0.026803;0;0
16;9;0.100291;0;51
17;3;0.0399245;0;0
18;4;0.0489568;0;10
19;3;0.0367823;0;0
20;5;0.060246;0;1
