N;GRAU;PageRank;R-BEP;D-BRANCH
1;3;0.0523043;0;0
2;1;0.022981;0;0
3;3;0.0543746;0;0
4;2;0.0375606;0;0
5;2;0.0366225;0;0
6;3;0.0519015;0;0
7;2;0.0388102;0;0
8;5;0.0862028;0;37
9;5;0.093553;1;100
10;4;0.0678584;0;1
11;3;0.0533049;0;0
12;4;0.0678449;0;4
13;2;0.0374009;0;0
14;5;0.086287;1;84
15;1;0.0221545;0;0
16;2;0.044687;0;0
17;1;0.023404;0;0
18;1;0.026492;0;0
19;4;0.0728519;0;44
20;1;0.023404;0;0
