N;GRAU;PageRank;R-BEP;D-BRANCH
1;4;0.042684;0;2
2;5;0.050035;0;0
3;4;0.0417276;0;1
4;5;0.0533183;0;4
5;4;0.0416546;0;1
6;6;0.0579138;0;3
7;5;0.0536641;0;4
8;6;0.0582724;0;2
9;7;0.0698715;0;15
10;4;0.0422683;0;0
11;6;0.0626445;0;7
12;2;0.0254387;0;0
13;7;0.0666427;0;2
14;8;0.0748003;0;4
15;2;0.0251073;0;0
16;4;0.0408423;0;0
17;5;0.0503761;0;3
18;5;0.0504445;0;2
19;4;0.0422746;0;0
20;5;0.0500195;0;0
