N;GRAU;PageRank;R-BEP;D-BRANCH
1;4;0.0673814;0;0
2;6;0.0995826;0;0
3;1;0.0231259;0;0
4;6;0.1068;1;100
5;2;0.0374164;0;0
6;1;0.0222864;0;0
7;2;0.0388262;0;0
8;1;0.0233574;0;0
9;2;0.0393145;0;0
10;4;0.0735338;0;0
11;2;0.040066;0;0
12;1;0.02263;0;0
13;1;0.02263;0;0
14;2;0.0379123;0;0
15;3;0.0525504;0;0
16;4;0.074623;0;40
17;2;0.0380152;0;0
18;2;0.0381087;0;0
19;2;0.0374649;0;0
20;6;0.104375;1;100
