N;GRAU;PageRank;R-BEP;D-BRANCH
1;5;0.0830886;0;0
2;1;0.0239843;0;0
3;5;0.0898586;1;100
4;3;0.0525796;0;0
5;2;0.0368683;0;0
6;1;0.0231786;0;0
7;1;0.0231786;0;0
8;5;0.092227;1;100
9;4;0.077573;1;100
10;1;0.022776;0;0
11;3;0.0529605;0;0
12;3;0.0514166;0;0
13;7;0.120374;1;100
14;1;0.0221168;0;0
15;1;0.0221168;0;0
16;1;0.022776;0;0
17;3;0.0535578;0;0
18;4;0.0675895;0;0
19;2;0.0377954;0;0
20;1;0.0239843;0;0
