N;GRAU;PageRank;R-BEP;D-BRANCH
1;7;0.0593935;0;0
2;3;0.0297091;0;0
3;5;0.0443962;0;0
4;8;0.0664673;0;0
5;8;0.0696958;0;18
6;6;0.0522597;0;15
7;7;0.0608199;1;44
8;7;0.0590764;0;0
9;5;0.0439238;0;0
10;9;0.0751311;0;0
11;6;0.0510985;0;0
12;7;0.0609447;0;0
13;3;0.0298817;0;0
14;4;0.0365656;0;0
15;8;0.0670904;0;27
16;3;0.0294188;0;0
17;5;0.0440322;0;0
18;4;0.0379948;0;0
19;6;0.0524094;0;0
20;3;0.0296909;0;0
