N;GRAU;PageRank;R-BEP;D-BRANCH
1;3;0.037163;0;0
2;4;0.047748;0;0
3;4;0.0490128;0;0
4;4;0.0494556;0;17
5;4;0.0476301;0;0
6;1;0.0174738;0;0
7;5;0.0599667;0;0
8;2;0.0274953;0;0
9;3;0.0375361;0;0
10;3;0.0374198;0;0
11;5;0.0581678;0;10
12;5;0.0573627;0;0
13;6;0.0665611;0;9
14;3;0.036381;0;0
15;5;0.0564875;0;0
16;5;0.0561721;0;0
17;7;0.0821368;0;58
18;8;0.0901656;0;64
19;5;0.0574606;0;1
20;2;0.0282037;0;0
