N;GRAU;PageRank;R-BEP;D-BRANCH
1;4;0.0563254;0;0
2;3;0.044143;0;0
3;2;0.0319027;0;0
4;3;0.044096;0;0
5;7;0.0919186;0;24
6;3;0.0431625;0;0
7;2;0.0325483;0;0
8;2;0.0316895;0;0
9;6;0.0780925;0;1
10;1;0.0200411;0;0
11;4;0.063872;1;53
12;5;0.0697743;0;8
13;2;0.0325863;0;0
14;7;0.0959282;1;52
15;2;0.0325863;0;0
16;2;0.0329344;0;0
17;3;0.0413731;0;0
18;1;0.0210728;0;0
19;3;0.0474277;0;8
20;6;0.0885253;0;81
