N;GRAU;PageRank;R-BEP;D-BRANCH
1;7;0.0752285;0;0
2;4;0.0457035;0;0
3;2;0.0286728;0;0
4;6;0.0661798;0;0
5;2;0.0271931;0;0
6;8;0.0907273;0;0
7;2;0.0289145;0;0
8;3;0.0400983;0;0
9;4;0.04601;0;0
10;1;0.0175533;0;0
11;3;0.0364737;0;0
12;3;0.0399956;0;0
13;4;0.050211;1;100
14;6;0.0665295;0;0
15;3;0.0364055;0;0
16;5;0.0557707;0;0
17;8;0.0946196;1;100
18;4;0.0468632;0;0
19;6;0.069464;0;0
20;3;0.037386;0;0
